rank,model,units1,units2,dropout,batch,lr,epochs,mae,rmse,mape,notes
1,LSTM,128,64,0.3,64,0.001,76,0.7487073540687561,0.970093349458056,1.3862705,More Dropout
2,LSTM,50,50,0.2,32,0.001,56,0.8350619077682495,1.0833855151789282,1.5399399,Baseline LSTM model
3,LSTM,128,64,0.2,64,0.0005,52,0.8609719276428223,1.1912299354040283,1.6386231,Smaller Learning Rate
4,LSTM,128,64,0.2,64,0.001,22,1.8563977479934688,2.325558982840925,3.3689895,Bigger Model
