model,units1,units2,dropout,batch,lr,epochs,mae,rmse,mape,notes
LSTM,50,50,0.2,32,0.001,56,0.8350619077682495,1.0833855151789282,1.5399399,Baseline LSTM model
LSTM,128,64,0.2,64,0.001,22,1.8563977479934692,2.325558982840925,3.3689895,Bigger Model
LSTM,128,64,0.2,64,0.0005,52,0.8609719276428223,1.1912299354040283,1.6386231,Smaller Learning Rate
LSTM,128,64,0.3,64,0.001,76,0.7487073540687561,0.9700933494580561,1.3862705,More Dropout
