{
    "MAE": 0.7487072787868297,
    "RMSE": 0.970093216380116,
    "MAPE": 1.3862704367796506
}