{
    "MAE": 0.7487073540687561,
    "RMSE": 0.9700933494580561,
    "MAPE": 1.386270523071289
}